source,source_id,category,artist_name,artwork_title,artwork_date,medium,original_image_url,object_page_url,license,public_domain,image_filename,image_path,image_width,image_height,image_format,file_size_bytes,sha256,classification_reason,classification_score,download_status,download_timestamp
met,340468,landscape,Perugino (Pietro di Cristoforo Vannucci),Landscape (recto); Landscape (verso),1489–90,"Brush and brown wash, highlighted with white gouache, on gray-green prepared paper (recto); pen and brown ink on unprepared off-white paper (verso)",https://images.metmuseum.org/CRDImages/dp/original/DP811071.jpg,https://www.metmuseum.org/art/collection/search/340468,CC0 / public domain via The Met Open Access,true,met_340468_perugino-pietro-di-cristoforo-vannucci_landscape-recto-landscape-verso.jpg,output/landscape/met_340468_perugino-pietro-di-cristoforo-vannucci_landscape-recto-landscape-verso.jpg,3634,2661,JPEG,2372663,54715582d0a7464c434438bb4fbd3ee049b2ca1739de685f14ce2d31cdef1bbe,title contains 'landscape'; tags contains 'landscapes',0.95,downloaded,2026-10-06T04:59:26.927469+00:00
met,359362,landscape,Edgar Degas,Landscape,1892,"Monotype in oil colors, heightened with pastel",https://images.metmuseum.org/CRDImages/dp/original/DP815958.jpg,https://www.metmuseum.org/art/collection/search/359362,CC0 / public domain via The Met Open Access,true,met_359362_edgar-degas_landscape.jpg,output/landscape/met_359362_edgar-degas_landscape.jpg,3869,2896,JPEG,2664506,db0e67325f0c88657b65991c9f2dda6de8f56b9c213c68963f6f10116a87fef6,title contains 'landscape'; tags contains 'landscapes',0.95,downloaded,2026-10-06T04:59:37.937856+00:00
met,335112,landscape,Gillis van Coninxloo,Landscape,"late 16th, early 17th century","Pen and brown ink, with green and blue watercolor, heightened with bodycolor",https://images.metmuseum.org/CRDImages/dp/original/DP801186.jpg,https://www.metmuseum.org/art/collection/search/335112,CC0 / public domain via The Met Open Access,true,met_335112_gillis-van-coninxloo_landscape.jpg,output/landscape/met_335112_gillis-van-coninxloo_landscape.jpg,3934,2563,JPEG,2729464,252ea72eff485a62363ba383eac51f91528e365ff6425eb7904f40e0b8043efa,title contains 'landscape'; tags contains 'landscapes',0.95,downloaded,2026-10-06T05:05:51.679763+00:00
met,459968,landscape,Auguste Renoir,Landscape,1889,Watercolor on off-white laid paper,https://images.metmuseum.org/CRDImages/rl/original/CT_28246.jpg,https://www.metmuseum.org/art/collection/search/459968,CC0 / public domain via The Met Open Access,true,met_459968_auguste-renoir_landscape.jpg,output/landscape/met_459968_auguste-renoir_landscape.jpg,4000,2940,JPEG,3867874,6d454eaeb2e8d04812d4cd4636fab82149326cd2b94532bf6216fb399258fefb,title contains 'landscape'; tags contains 'landscapes',0.95,downloaded,2026-10-06T05:06:00.085211+00:00
met,45072,landscape,Sesson Shūkei,Landscape,16th century,Six-panel folding screen; ink on paper,https://images.metmuseum.org/CRDImages/as/original/LC-1982_244_16_cc-001.jpg,https://www.metmuseum.org/art/collection/search/45072,CC0 / public domain via The Met Open Access,true,met_45072_sesson-shukei_landscape.jpg,output/landscape/met_45072_sesson-shukei_landscape.jpg,4000,2045,JPEG,2848690,324667fef15bb0bf839c24f93fe64a710587d5bd14db38f69d4d48745c26d0ad,title contains 'landscape'; tags contains 'landscapes'; tags contains 'mountains',1.0,downloaded,2026-10-06T05:06:05.612069+00:00
met,690986,landscape,Goya (Francisco de Goya y Lucientes),Landscape,ca. 1807–10,"Etching, aquatint",https://images.metmuseum.org/CRDImages/dp/original/DP854974.jpg,https://www.metmuseum.org/art/collection/search/690986,CC0 / public domain via The Met Open Access,true,met_690986_goya-francisco-de-goya-y-lucientes_landscape.jpg,output/landscape/met_690986_goya-francisco-de-goya-y-lucientes_landscape.jpg,3643,2625,JPEG,2854119,88d0f238f0125975fc4dd8c9da08ced02c4d2deff26934242f71209083b948e4,title contains 'landscape'; tags contains 'landscapes',0.95,downloaded,2026-10-06T05:06:10.903880+00:00
met,44895,landscape,Kushiro Unsen,Landscape,18th–19th century,Hanging scroll; ink and color on satin,https://images.metmuseum.org/CRDImages/as/original/DP277628.jpg,https://www.metmuseum.org/art/collection/search/44895,CC0 / public domain via The Met Open Access,true,met_44895_kushiro-unsen_landscape.jpg,output/landscape/met_44895_kushiro-unsen_landscape.jpg,1269,4000,JPEG,1181885,0f492415576812652cded972114390cb6a3de0803c4ab3e0fad9690cd20375b9,title contains 'landscape'; tags contains 'landscapes',0.95,downloaded,2026-10-06T05:06:13.449817+00:00
met,45070,landscape,Kano Motonobu,Landscape,16th century,Hanging scroll; ink on paper,https://images.metmuseum.org/CRDImages/as/original/DP-41805-002.jpg,https://www.metmuseum.org/art/collection/search/45070,CC0 / public domain via The Met Open Access,true,met_45070_kano-motonobu_landscape.jpg,output/landscape/met_45070_kano-motonobu_landscape.jpg,3601,3002,JPEG,3826160,5425551e914e25474c3475ea0565fd70b7cf4688441c965b888ef9d4eff4b572,title contains 'landscape'; tags contains 'landscapes'; tags contains 'mountains',1.0,downloaded,2026-10-06T05:06:20.519673+00:00
met,337306,landscape,Henri-Joseph Harpignies,Landscape,1900,"Watercolor, graphite",https://images.metmuseum.org/CRDImages/dp/original/DP806747.jpg,https://www.metmuseum.org/art/collection/search/337306,CC0 / public domain via The Met Open Access,true,met_337306_henri-joseph-harpignies_landscape.jpg,output/landscape/met_337306_henri-joseph-harpignies_landscape.jpg,2778,3862,JPEG,2863007,c5b79d00d7f75ed44c23164333e008f9a675b4008777d3f7736faf806ab3193a,title contains 'landscape'; tags contains 'landscapes',0.95,downloaded,2026-10-06T05:06:24.980016+00:00
met,395536,botanical,John Jessop Hardwick,Flower study,1866,Watercolor,https://images.metmuseum.org/CRDImages/dp/original/DP814121.jpg,https://www.metmuseum.org/art/collection/search/395536,CC0 / public domain via The Met Open Access,true,met_395536_john-jessop-hardwick_flower-study.jpg,output/botanical/met_395536_john-jessop-hardwick_flower-study.jpg,3774,2973,JPEG,3300349,756f856cfb13b4bb17b984cd6ac178b30bd25e4e85512fad75c3ff9792b91d12,title contains 'flower'; tags contains 'flowers',0.8,downloaded,2026-10-06T05:06:53.125159+00:00
met,43812,botanical,Unknown Artist,Flower vase,,"Nephrite, white with light greenish tint",https://images.metmuseum.org/CRDImages/as/original/10044.jpg,https://www.metmuseum.org/art/collection/search/43812,CC0 / public domain via The Met Open Access,true,met_43812_unknown-artist_flower-vase.jpg,output/botanical/met_43812_unknown-artist_flower-vase.jpg,4000,2551,JPEG,2762439,ccfb67ef25ccac070c327dd00a72882de5ded5235aace0bb9b96987114ae8717,title contains 'flower'; tags contains 'flowers',0.8,downloaded,2026-10-06T05:07:09.302405+00:00
met,43790,botanical,Unknown Artist,Flower vase,,"Nephrite, dark translucent seaweed green",https://images.metmuseum.org/CRDImages/as/original/15020.jpg,https://www.metmuseum.org/art/collection/search/43790,CC0 / public domain via The Met Open Access,true,met_43790_unknown-artist_flower-vase.jpg,output/botanical/met_43790_unknown-artist_flower-vase.jpg,4000,2487,JPEG,1968392,aed17ee7f28e69e956d41d07301debdf4a37b540514d9c91c86740d566bf0c72,title contains 'flower'; tags contains 'flowers',0.8,downloaded,2026-10-06T05:07:16.348762+00:00
met,43861,botanical,Unknown Artist,Flower receptacle,,Nephrite,https://images.metmuseum.org/CRDImages/as/original/14901.jpg,https://www.metmuseum.org/art/collection/search/43861,CC0 / public domain via The Met Open Access,true,met_43861_unknown-artist_flower-receptacle.jpg,output/botanical/met_43861_unknown-artist_flower-receptacle.jpg,4000,2681,JPEG,2651286,7df67f0052b639be26951a5b36a7011782a8c58271da1dbd696fc9b22895bcd8,title contains 'flower'; tags contains 'flowers',0.8,downloaded,2026-10-06T05:07:21.360505+00:00
met,43392,botanical,Unknown Artist,Flower holder,late 19th century,Agate,https://images.metmuseum.org/CRDImages/as/original/183481.jpg,https://www.metmuseum.org/art/collection/search/43392,CC0 / public domain via The Met Open Access,true,met_43392_unknown-artist_flower-holder.jpg,output/botanical/met_43392_unknown-artist_flower-holder.jpg,2941,4000,JPEG,2439136,33234634c436a2fbe84f480ff10c68f4da8505455e98c14439ceb80416f9a97e,title contains 'flower'; tags contains 'flowers',0.8,downloaded,2026-10-06T05:07:27.463223+00:00
met,43950,botanical,Unknown Artist,Flower vase,,"Calcined nephrite, ashy-gray, yellow and brown",https://images.metmuseum.org/CRDImages/as/original/18515.jpg,https://www.metmuseum.org/art/collection/search/43950,CC0 / public domain via The Met Open Access,true,met_43950_unknown-artist_flower-vase.jpg,output/botanical/met_43950_unknown-artist_flower-vase.jpg,2772,4000,JPEG,1749568,487b48f64eec196485b2c0273109a00f0667cea6fb278dfd9f6eacffcb8aa4fc,title contains 'flower'; tags contains 'flowers',0.8,downloaded,2026-10-06T05:07:39.193411+00:00
met,4513,botanical,Unknown Artist,Flower Pot,ca. 1830,Tin-glazed earthenware,https://images.metmuseum.org/CRDImages/ad/original/DP250000.jpg,https://www.metmuseum.org/art/collection/search/4513,CC0 / public domain via The Met Open Access,true,met_4513_unknown-artist_flower-pot.jpg,output/botanical/met_4513_unknown-artist_flower-pot.jpg,2753,4000,JPEG,1626656,b0f2cd6fef63c236b1decf5f0f7a159ccd8d84040df90e8385054a3688102752,title contains 'flower'; tags contains 'flowers',0.8,downloaded,2026-10-06T05:07:42.731451+00:00
met,56197,botanical,Unknown Artist,Pot with Plant,,"Nephrite, a mottling of light and dark green with black specks",https://images.metmuseum.org/CRDImages/as/original/14697.jpg,https://www.metmuseum.org/art/collection/search/56197,CC0 / public domain via The Met Open Access,true,met_56197_unknown-artist_pot-with-plant.jpg,output/botanical/met_56197_unknown-artist_pot-with-plant.jpg,2831,4000,JPEG,2084752,0dbc8f5bb8c88ce6de4132dd94afd17574e8ee8713915138b0759a339daeb6f3,title contains 'plant'; tags contains 'plants',0.8,downloaded,2026-10-06T05:08:24.259924+00:00
met,732217,photography,Unknown,[Daguerreotype Plate Box],1840s,"Linden wood, plated iron, iron-gall ink",https://images.metmuseum.org/CRDImages/ph/original/DP-13897-093.jpg,https://www.metmuseum.org/art/collection/search/732217,CC0 / public domain via The Met Open Access,true,met_732217_unknown_daguerreotype-plate-box.jpg,output/photography/met_732217_unknown_daguerreotype-plate-box.jpg,4000,4000,JPEG,3237550,453b62bb6660c0b77ea79cb429feab053e04c9d60b0b5cbc580fd5574a57627c,classification contains 'photograph',0.8,downloaded,2026-10-06T05:11:15.889938+00:00
met,732219,photography,Unknown,[Daguerreotype Plate Box],1840s,"Linden wood, plated iron, iron-gall ink",https://images.metmuseum.org/CRDImages/ph/original/DP-13897-095.jpg,https://www.metmuseum.org/art/collection/search/732219,CC0 / public domain via The Met Open Access,true,met_732219_unknown_daguerreotype-plate-box.jpg,output/photography/met_732219_unknown_daguerreotype-plate-box.jpg,3371,4000,JPEG,2762558,a98bf22e4ad7e9ac7db00e2d2714079f65c71df264e6a434a33658e9c3248aaf,classification contains 'photograph',0.8,downloaded,2026-10-06T05:11:21.434193+00:00
met,504134,photography,Ron Fasand,Woman with an Accordion daguerreotype,1840s,Daguerreotype,https://images.metmuseum.org/CRDImages/mi/original/DP224724.jpg,https://www.metmuseum.org/art/collection/search/504134,CC0 / public domain via The Met Open Access,true,met_504134_ron-fasand_woman-with-an-accordion-daguerreotype.jpg,output/photography/met_504134_ron-fasand_woman-with-an-accordion-daguerreotype.jpg,3000,3648,JPEG,3139190,0bb6caf7fa930cd6defa7335059acd9178a5e31571d3d67cbcc52b513bc5f688,medium contains 'daguerreotype',0.7,downloaded,2026-10-06T05:11:28.208244+00:00
met,291763,photography,Unknown,[Seated Young Man Resting Arm on Table Beside Daguerreotype Case],1840s,Daguerreotype with applied color,https://images.metmuseum.org/CRDImages/ph/original/DP700003.jpg,https://www.metmuseum.org/art/collection/search/291763,CC0 / public domain via The Met Open Access,true,met_291763_unknown_seated-young-man-resting-arm-on-table-beside-daguerreotype-case.jpg,output/photography/met_291763_unknown_seated-young-man-resting-arm-on-table-beside-daguerreotype-case.jpg,3959,2608,JPEG,3249332,05887a45185a20edd9d88bd3cba1d833e97579a34d475e27e727356de67d14f1,medium contains 'daguerreotype'; classification contains 'photographs'; classification contains 'photograph',1.0,downloaded,2026-10-06T05:11:33.023323+00:00
met,291827,photography,Unknown,[Young Woman Wearing Lace Gloves Holding a Daguerreotype Case],1860s,Daguerreotype with applied color,https://images.metmuseum.org/CRDImages/ph/original/DP700201.jpg,https://www.metmuseum.org/art/collection/search/291827,CC0 / public domain via The Met Open Access,true,met_291827_unknown_young-woman-wearing-lace-gloves-holding-a-daguerreotype-case.jpg,output/photography/met_291827_unknown_young-woman-wearing-lace-gloves-holding-a-daguerreotype-case.jpg,3819,2421,JPEG,2206316,38ddebb84f16bd744c210f7575b37218f5ef378d87f3bef06e120e2b8bf36e72,medium contains 'daguerreotype'; classification contains 'photographs'; classification contains 'photograph',1.0,downloaded,2026-10-06T05:11:54.535227+00:00
met,285739,photography,W. & F. Langenheim,Frederick Langenheim,ca. 1849–50,Daguerreotype,https://images.metmuseum.org/CRDImages/ph/original/DP332555.jpg,https://www.metmuseum.org/art/collection/search/285739,CC0 / public domain via The Met Open Access,true,met_285739_w-f-langenheim_frederick-langenheim.jpg,output/photography/met_285739_w-f-langenheim_frederick-langenheim.jpg,3157,4000,JPEG,4125035,13b96c52680d95161e0c89cefa4699aa88588cea78c04f8e1220de1c24d37ce2,medium contains 'daguerreotype'; classification contains 'photographs'; classification contains 'photograph'; object_type contains 'photograph',1.0,downloaded,2026-10-06T05:12:02.838176+00:00
met,773518,photography,Armand-Hippolyte-Louis Fizeau,"[Rooftops, Paris]","August 22,1843",Daguerreotype,https://images.metmuseum.org/CRDImages/ph/original/DP-18191-043.jpg,https://www.metmuseum.org/art/collection/search/773518,CC0 / public domain via The Met Open Access,true,met_773518_armand-hippolyte-louis-fizeau_rooftops-paris.jpg,output/photography/met_773518_armand-hippolyte-louis-fizeau_rooftops-paris.jpg,2545,4000,JPEG,2451431,2b5540b78d9b4eeaf9f26c553c1eda7c0fe9f0a98ebda65aeee36bd6468e778c,medium contains 'daguerreotype'; classification contains 'photographs'; classification contains 'photograph',1.0,downloaded,2026-10-06T05:12:16.298715+00:00
met,818215,photography,Joseph-Philibert Girault de Prangey,[Young Woman Holding a Flower],ca. 1842,Daguerreotype,https://images.metmuseum.org/CRDImages/ph/original/DP-19380-001.jpg,https://www.metmuseum.org/art/collection/search/818215,CC0 / public domain via The Met Open Access,true,met_818215_joseph-philibert-girault-de-prangey_young-woman-holding-a-flower.jpg,output/photography/met_818215_joseph-philibert-girault-de-prangey_young-woman-holding-a-flower.jpg,2200,2798,JPEG,2527812,1671317045d7068a2bdce70a19feadc37af87c41d6be896618a14bf9f0280039,medium contains 'daguerreotype'; classification contains 'photographs'; classification contains 'photograph',1.0,downloaded,2026-10-06T05:12:21.588409+00:00
met,159482,fashion,Unknown Artist,Dress,1886–88,cotton,https://images.metmuseum.org/CRDImages/ci/original/66.101.107_CP4.jpg,https://www.metmuseum.org/art/collection/search/159482,CC0 / public domain via The Met Open Access,true,met_159482_unknown-artist_dress.jpg,output/fashion/met_159482_unknown-artist_dress.jpg,2771,4000,JPEG,1473368,938fa4f2667d9d307c41236807609987aad571ad90454210efa9e6195350dcd9,title contains 'dress'; object_type contains 'dress',0.9,downloaded,2026-10-06T05:12:48.493503+00:00
met,159244,fashion,Unknown Artist,Dress,ca. 1855,"wool, silk",https://images.metmuseum.org/CRDImages/ci/original/48.134.1a-b_front_CP4.jpg,https://www.metmuseum.org/art/collection/search/159244,CC0 / public domain via The Met Open Access,true,met_159244_unknown-artist_dress.jpg,output/fashion/met_159244_unknown-artist_dress.jpg,3179,4000,JPEG,1659190,e976f6e5c1b86b893cbf6dccda48820ddab0b66f0afab12e315369f32b7200ff,title contains 'dress'; medium contains 'silk'; medium contains 'wool'; object_type contains 'dress',1.0,downloaded,2026-10-06T05:12:58.032007+00:00
met,156133,fashion,Unknown Artist,Dress,late 19th century,"cotton, wool",https://images.metmuseum.org/CRDImages/es/original/50.179_front_CP4.jpg,https://www.metmuseum.org/art/collection/search/156133,CC0 / public domain via The Met Open Access,true,met_156133_unknown-artist_dress.jpg,output/fashion/met_156133_unknown-artist_dress.jpg,2579,4000,JPEG,1385046,e401e0ba8223a7c86df591527e2d70cc94db22b90af5c1e073969d028fa775b8,title contains 'dress'; medium contains 'wool'; object_type contains 'dress',1.0,downloaded,2026-10-06T05:13:12.677109+00:00
met,159216,fashion,Unknown Artist,Dress,1840–60,"cotton, silk",https://images.metmuseum.org/CRDImages/ci/original/41.338a-b_CP4.jpg,https://www.metmuseum.org/art/collection/search/159216,CC0 / public domain via The Met Open Access,true,met_159216_unknown-artist_dress.jpg,output/fashion/met_159216_unknown-artist_dress.jpg,2819,4000,JPEG,1374811,b170966f756005954492ff0e628ef4d53663a2037c1641d40fc9f5a010cfdbd9,title contains 'dress'; medium contains 'silk'; object_type contains 'dress',1.0,downloaded,2026-10-06T05:13:21.272432+00:00
met,159199,fashion,Unknown Artist,Dress,ca. 1835,"silk, cotton",https://images.metmuseum.org/CRDImages/ci/original/33.208.15_front_CP4.jpg,https://www.metmuseum.org/art/collection/search/159199,CC0 / public domain via The Met Open Access,true,met_159199_unknown-artist_dress.jpg,output/fashion/met_159199_unknown-artist_dress.jpg,2916,4000,JPEG,1378839,6cb4cebdd2fb693fecfa8db2b8968f1be33982e1704dc72c8e21830a47b1add8,title contains 'dress'; medium contains 'silk'; object_type contains 'dress',1.0,downloaded,2026-10-06T05:13:35.795457+00:00
met,80769,fashion,Unknown Artist,Dress,ca. 1840,cotton,https://images.metmuseum.org/CRDImages/ci/original/DT6974.jpg,https://www.metmuseum.org/art/collection/search/80769,CC0 / public domain via The Met Open Access,true,met_80769_unknown-artist_dress.jpg,output/fashion/met_80769_unknown-artist_dress.jpg,3200,4000,JPEG,1651219,4b31158bea4d910b80aab6fd33e5042481387652e61023ca4db825a4428c0cc8,title contains 'dress'; object_type contains 'dress',0.9,downloaded,2026-10-06T05:13:40.362280+00:00
met,159509,fashion,Unknown Artist,Dress,1840–45,silk,https://images.metmuseum.org/CRDImages/ci/original/69.2.34_CP4.jpg,https://www.metmuseum.org/art/collection/search/159509,CC0 / public domain via The Met Open Access,true,met_159509_unknown-artist_dress.jpg,output/fashion/met_159509_unknown-artist_dress.jpg,3393,4000,JPEG,1794985,2af6e4bc35b6b2e0a77db4181b919783c9feafa20759c9e7caa0799692e87aa9,title contains 'dress'; medium contains 'silk'; object_type contains 'dress',1.0,downloaded,2026-10-06T05:13:46.104614+00:00
met,82633,fashion,L.P. Hollander & Co.,Dress,ca. 1885,silk,https://images.metmuseum.org/CRDImages/ci/original/CI55.64ab_F.jpg,https://www.metmuseum.org/art/collection/search/82633,CC0 / public domain via The Met Open Access,true,met_82633_l-p-hollander-co_dress.jpg,output/fashion/met_82633_l-p-hollander-co_dress.jpg,1926,3687,JPEG,695470,b29234c1cd5f85dca9aad91952997c30583a7ddec2bc391b87932c4d06fd7292,title contains 'dress'; medium contains 'silk'; object_type contains 'dress',1.0,downloaded,2026-10-06T05:13:49.228252+00:00
met,158248,fashion,Unknown Artist,Dress,1837–40,silk,https://images.metmuseum.org/CRDImages/ci/original/68.74.4_CP4.jpg,https://www.metmuseum.org/art/collection/search/158248,CC0 / public domain via The Met Open Access,true,met_158248_unknown-artist_dress.jpg,output/fashion/met_158248_unknown-artist_dress.jpg,2729,4000,JPEG,1148282,dbc2db69de7fd103aeb6fbb3d41c932a4fbe77d278bc2b259ccab1c5ab0452d0,title contains 'dress'; medium contains 'silk'; object_type contains 'dress',1.0,downloaded,2026-10-06T05:13:52.902037+00:00
met,317703,abstract,Unknown Artist,Abstract Stone Figure,late 3rd millennium BCE,Stone,https://images.metmuseum.org/CRDImages/ao/original/DP-31676-001.jpg,https://www.metmuseum.org/art/collection/search/317703,CC0 / public domain via The Met Open Access,true,met_317703_unknown-artist_abstract-stone-figure.jpg,output/abstract/met_317703_unknown-artist_abstract-stone-figure.jpg,2220,4000,JPEG,1555349,8a6bf60753da464056170c937d67d594cf42bdc0df6f50ecfbd6356aa32baead,title contains 'abstract',0.65,downloaded,2026-10-06T05:17:33.109039+00:00
met,317704,abstract,Unknown Artist,Abstract Stone Figure,late 3rd millennium BCE,Stone,https://images.metmuseum.org/CRDImages/ao/original/DP-31672-001.jpg,https://www.metmuseum.org/art/collection/search/317704,CC0 / public domain via The Met Open Access,true,met_317704_unknown-artist_abstract-stone-figure.jpg,output/abstract/met_317704_unknown-artist_abstract-stone-figure.jpg,2218,4000,JPEG,1277324,4c48b8b7aaadb95c2097c527880a5096a830965145b3d597a1fdc362aec58d2f,title contains 'abstract',0.65,downloaded,2026-10-06T05:17:36.078560+00:00
met,833905,abstract,Unknown Artist,Bowl with Abstract Birds,14th century,Black on yellow,https://images.metmuseum.org/CRDImages/ao/original/DP-24285-003.jpg,https://www.metmuseum.org/art/collection/search/833905,CC0 / public domain via The Met Open Access,true,met_833905_unknown-artist_bowl-with-abstract-birds.jpg,output/abstract/met_833905_unknown-artist_bowl-with-abstract-birds.jpg,4000,3911,JPEG,4398090,69d7796dccb77a4544b914179527eab6114bcbafe87c5af900eba406550d74e8,title contains 'abstract',0.65,downloaded,2026-10-06T05:17:50.826362+00:00
met,824219,abstract,Anonymous,Sheet with overall abstract pattern,19th century,Relief print (wood or metal),https://images.metmuseum.org/CRDImages/dp/original/DP886712.jpg,https://www.metmuseum.org/art/collection/search/824219,CC0 / public domain via The Met Open Access,true,met_824219_anonymous_sheet-with-overall-abstract-pattern.jpg,output/abstract/met_824219_anonymous_sheet-with-overall-abstract-pattern.jpg,2726,1705,JPEG,2144282,d380d64a18d912b8d9956c7174e975a2b29db887762a738964c640091a344ab5,title contains 'abstract',0.65,downloaded,2026-10-06T05:18:01.002332+00:00
met,824220,abstract,Anonymous,Sheet with overall abstract pattern,19th century,Relief print (wood or metal),https://images.metmuseum.org/CRDImages/dp/original/DP886711.jpg,https://www.metmuseum.org/art/collection/search/824220,CC0 / public domain via The Met Open Access,true,met_824220_anonymous_sheet-with-overall-abstract-pattern.jpg,output/abstract/met_824220_anonymous_sheet-with-overall-abstract-pattern.jpg,2674,1672,JPEG,1600319,e0cdf70a978075104e5768bedf378262a58162ef7e635d909e68e628afc44f0a,title contains 'abstract',0.65,downloaded,2026-10-06T05:18:04.518755+00:00
met,824642,abstract,Anonymous,Sheet with red abstract pattern,18th century,Relief print (wood or metal),https://images.metmuseum.org/CRDImages/dp/original/DP887053.jpg,https://www.metmuseum.org/art/collection/search/824642,CC0 / public domain via The Met Open Access,true,met_824642_anonymous_sheet-with-red-abstract-pattern.jpg,output/abstract/met_824642_anonymous_sheet-with-red-abstract-pattern.jpg,3660,3530,JPEG,5105998,7ccbbbc069ee8868c3dc26f1a72d2bd6a0648e0dc0a52c13fa1baa8ee628e618,title contains 'abstract',0.65,downloaded,2026-10-06T05:18:13.304195+00:00
met,823737,abstract,Anonymous,Sheet with overall abstract pattern,19th century,Relief print (wood or metal),https://images.metmuseum.org/CRDImages/dp/original/DP886601.jpg,https://www.metmuseum.org/art/collection/search/823737,CC0 / public domain via The Met Open Access,true,met_823737_anonymous_sheet-with-overall-abstract-pattern.jpg,output/abstract/met_823737_anonymous_sheet-with-overall-abstract-pattern.jpg,2373,3736,JPEG,4135740,19e2b81aae869cc89e6792221f60741ad05a7607facd22ba438ef270b38ccf45,title contains 'abstract',0.65,downloaded,2026-10-06T05:18:23.844210+00:00
met,823738,abstract,Anonymous,Sheet with overall abstract pattern,19th century,Relief print (wood or metal),https://images.metmuseum.org/CRDImages/dp/original/DP886600.jpg,https://www.metmuseum.org/art/collection/search/823738,CC0 / public domain via The Met Open Access,true,met_823738_anonymous_sheet-with-overall-abstract-pattern.jpg,output/abstract/met_823738_anonymous_sheet-with-overall-abstract-pattern.jpg,3659,2883,JPEG,4497179,dcb9ba30d3eca36a71a52536b10bc171121758e048585e1163a4a44d342c6b43,title contains 'abstract',0.65,downloaded,2026-10-06T05:18:37.690272+00:00
met,631427,australiana,Abdul Cigarettes,"Australia, from the Races of Mankind series (T181) issued by Abdul Cigarettes",1881,Commercial color lithograph,https://images.metmuseum.org/CRDImages/dp/original/DP842681.jpg,https://www.metmuseum.org/art/collection/search/631427,CC0 / public domain via The Met Open Access,true,met_631427_abdul-cigarettes_australia-from-the-races-of-mankind-series-t181-issued-by-abdul-cigarettes.jpg,output/australiana/met_631427_abdul-cigarettes_australia-from-the-races-of-mankind-series-t181-issued-by-abdul-cigarettes.jpg,1641,2738,JPEG,1382671,2c812d64674dfb7eb4bcbe83a175e50b022e4fa811577db9f569b95c44534062,title contains 'australia',0.9,downloaded,2026-10-06T05:20:20.746915+00:00
met,409748,australiana,Allen & Ginter,"Australia, from the Types of All Nations series (N24) for Allen & Ginter Cigarettes",1889,Commercial color lithograph,https://images.metmuseum.org/CRDImages/dp/original/DP836427.jpg,https://www.metmuseum.org/art/collection/search/409748,CC0 / public domain via The Met Open Access,true,met_409748_allen-ginter_australia-from-the-types-of-all-nations-series-n24-for-allen-ginter-cigarettes.jpg,output/australiana/met_409748_allen-ginter_australia-from-the-types-of-all-nations-series-n24-for-allen-ginter-cigarettes.jpg,1669,2958,JPEG,1499325,d2f7cab8523308b21c1ca7fc2dd786c3019c15a4fd4046f401be07be9a4bd107,title contains 'australia',0.9,downloaded,2026-10-06T05:20:23.814616+00:00
met,408380,australiana,Allen & Ginter,"Australia (Indian), from the Natives in Costume series (N16) for Allen & Ginter Cigarettes Brands",1886,Commercial color lithograph,https://images.metmuseum.org/CRDImages/dp/original/DP834816.jpg,https://www.metmuseum.org/art/collection/search/408380,CC0 / public domain via The Met Open Access,true,met_408380_allen-ginter_australia-indian-from-the-natives-in-costume-series-n16-for-allen-ginter-cigarettes-brands.jpg,output/australiana/met_408380_allen-ginter_australia-indian-from-the-natives-in-costume-series-n16-for-allen-ginter-cigarettes-brands.jpg,1656,3003,JPEG,1790009,63965a1277c2d6c8f5eb8c8f18b1a7887d435878a0b8bc8f772e45e26c9f441b,title contains 'australia',0.9,downloaded,2026-10-06T05:20:27.748310+00:00
met,407420,australiana,Allen & Ginter,"South Australia, from Flags of All Nations, Series 2 (N10) for Allen & Ginter Cigarettes Brands",1890,Commercial color lithograph,https://images.metmuseum.org/CRDImages/dp/original/DP841398.jpg,https://www.metmuseum.org/art/collection/search/407420,CC0 / public domain via The Met Open Access,true,met_407420_allen-ginter_south-australia-from-flags-of-all-nations-series-2-n10-for-allen-ginter-cigarettes-brands.jpg,output/australiana/met_407420_allen-ginter_south-australia-from-flags-of-all-nations-series-2-n10-for-allen-ginter-cigarettes-brands.jpg,1685,2977,JPEG,1545442,966bc03d65088db93fe9b64d84aab04a44e9d1e3ff5fb93f9c348de352460bde,title contains 'australia',0.9,downloaded,2026-10-06T05:20:30.997644+00:00
met,407428,australiana,Allen & Ginter,"West Australia, from Flags of All Nations, Series 2 (N10) for Allen & Ginter Cigarettes Brands",1890,Commercial color lithograph,https://images.metmuseum.org/CRDImages/dp/original/DP841405.jpg,https://www.metmuseum.org/art/collection/search/407428,CC0 / public domain via The Met Open Access,true,met_407428_allen-ginter_west-australia-from-flags-of-all-nations-series-2-n10-for-allen-ginter-cigarettes-brands.jpg,output/australiana/met_407428_allen-ginter_west-australia-from-flags-of-all-nations-series-2-n10-for-allen-ginter-cigarettes-brands.jpg,1628,2928,JPEG,1455876,ccc16594786199e6a1fec843380af9ffa3cf6c515f0139e0ed4ab1f5e505c029,title contains 'australia',0.9,downloaded,2026-10-06T05:20:34.065627+00:00
met,408439,australiana,Allen & Ginter,"Australia (Indian), from the Natives in Costume series (N16), Teofani Issue, for Allen & Ginter Cigarettes Brands",ca. 1886,Commercial color lithograph,https://images.metmuseum.org/CRDImages/dp/original/DP834864.jpg,https://www.metmuseum.org/art/collection/search/408439,CC0 / public domain via The Met Open Access,true,met_408439_allen-ginter_australia-indian-from-the-natives-in-costume-series-n16-teofani-issue-for-allen-ginter-cigarettes-brands.jpg,output/australiana/met_408439_allen-ginter_australia-indian-from-the-natives-in-costume-series-n16-teofani-issue-for-allen-ginter-cigarettes-brands.jpg,1650,2958,JPEG,1628506,80ffdb8e68cb0386bc65943478996871b8cb20af413d863e1a0ddef15e5f4d9e,title contains 'australia',0.9,downloaded,2026-10-06T05:20:37.379386+00:00
met,371973,australiana,Charles Parsons,"Clipper Ship ""Red Jacket"" – In the Ice off Cape Horn, on Her Passage from Australia, to Liverpool, August 1854",1855,Hand-colored lithograph,https://images.metmuseum.org/CRDImages/dp/original/DP-39003-001.jpg,https://www.metmuseum.org/art/collection/search/371973,CC0 / public domain via The Met Open Access,true,met_371973_charles-parsons_clipper-ship-red-jacket-in-the-ice-off-cape-horn-on-her-passage-from-australia-to-liverpool-august-1854.jpg,output/australiana/met_371973_charles-parsons_clipper-ship-red-jacket-in-the-ice-off-cape-horn-on-her-passage-from-australia-to-liverpool-august-1854.jpg,3929,3051,JPEG,3532764,53031bf02f71dfe4f50afc499923db55ff6b1412bed7b462e4e71ea4a41e7a17,title contains 'australia',0.9,downloaded,2026-10-06T05:20:42.262609+00:00
met,230942,australiana,Alfred Benjamin Wyon,Sydney International Exhibition Medal,1879,Bronze,https://images.metmuseum.org/CRDImages/es/original/DP-1424-005.jpg,https://www.metmuseum.org/art/collection/search/230942,CC0 / public domain via The Met Open Access,true,met_230942_alfred-benjamin-wyon_sydney-international-exhibition-medal.jpg,output/australiana/met_230942_alfred-benjamin-wyon_sydney-international-exhibition-medal.jpg,4000,4000,JPEG,3360529,0c4a389a2de6203a791cf57c3ea957c2649a98a70140af5d8ff676abbbcdc6e4,title contains 'sydney',0.9,downloaded,2026-10-06T05:21:33.496690+00:00
