Handle,Title,Body (HTML),Vendor,Product Category,Type,Tags,Published,Option1 Name,Option1 Value,Variant SKU,Variant Price,Image Src,Image Position,Image Alt Text,Status
perugino-pietro-di-cristoforo-vannucci-landscape-recto-landscape-verso-met-340468,Perugino (Pietro di Cristoforo Vannucci) - Landscape (recto); Landscape (verso),"<p>Landscape (recto); Landscape (verso)</p><p>Artist: Perugino (Pietro di Cristoforo Vannucci)</p><p>Source: met 340468</p><p>Object page: <a href=""https://www.metmuseum.org/art/collection/search/340468"">https://www.metmuseum.org/art/collection/search/340468</a></p><p>License: CC0 / public domain via The Met Open Access</p>",Public Domain Art,,Art Print,"landscape, met, public domain, Perugino (Pietro di Cristoforo Vannucci)",TRUE,Size,A4,perugino-pietro-di-cristoforo-vannucci-landscape-recto-landscape-verso-met-340468-a4,,,,Landscape (recto); Landscape (verso) by Perugino (Pietro di Cristoforo Vannucci),draft
perugino-pietro-di-cristoforo-vannucci-landscape-recto-landscape-verso-met-340468,,,,,,,,Size,A3,perugino-pietro-di-cristoforo-vannucci-landscape-recto-landscape-verso-met-340468-a3,,,,,draft
perugino-pietro-di-cristoforo-vannucci-landscape-recto-landscape-verso-met-340468,,,,,,,,Size,A2,perugino-pietro-di-cristoforo-vannucci-landscape-recto-landscape-verso-met-340468-a2,,,,,draft
perugino-pietro-di-cristoforo-vannucci-landscape-recto-landscape-verso-met-340468,,,,,,,,Size,A1,perugino-pietro-di-cristoforo-vannucci-landscape-recto-landscape-verso-met-340468-a1,,,,,draft
edgar-degas-landscape-met-359362,Edgar Degas - Landscape,"<p>Landscape</p><p>Artist: Edgar Degas</p><p>Source: met 359362</p><p>Object page: <a href=""https://www.metmuseum.org/art/collection/search/359362"">https://www.metmuseum.org/art/collection/search/359362</a></p><p>License: CC0 / public domain via The Met Open Access</p>",Public Domain Art,,Art Print,"landscape, met, public domain, Edgar Degas",TRUE,Size,A4,edgar-degas-landscape-met-359362-a4,,,,Landscape by Edgar Degas,draft
edgar-degas-landscape-met-359362,,,,,,,,Size,A3,edgar-degas-landscape-met-359362-a3,,,,,draft
edgar-degas-landscape-met-359362,,,,,,,,Size,A2,edgar-degas-landscape-met-359362-a2,,,,,draft
edgar-degas-landscape-met-359362,,,,,,,,Size,A1,edgar-degas-landscape-met-359362-a1,,,,,draft
gillis-van-coninxloo-landscape-met-335112,Gillis van Coninxloo - Landscape,"<p>Landscape</p><p>Artist: Gillis van Coninxloo</p><p>Source: met 335112</p><p>Object page: <a href=""https://www.metmuseum.org/art/collection/search/335112"">https://www.metmuseum.org/art/collection/search/335112</a></p><p>License: CC0 / public domain via The Met Open Access</p>",Public Domain Art,,Art Print,"landscape, met, public domain, Gillis van Coninxloo",TRUE,Size,A4,gillis-van-coninxloo-landscape-met-335112-a4,,,,Landscape by Gillis van Coninxloo,draft
gillis-van-coninxloo-landscape-met-335112,,,,,,,,Size,A3,gillis-van-coninxloo-landscape-met-335112-a3,,,,,draft
gillis-van-coninxloo-landscape-met-335112,,,,,,,,Size,A2,gillis-van-coninxloo-landscape-met-335112-a2,,,,,draft
gillis-van-coninxloo-landscape-met-335112,,,,,,,,Size,A1,gillis-van-coninxloo-landscape-met-335112-a1,,,,,draft
auguste-renoir-landscape-met-459968,Auguste Renoir - Landscape,"<p>Landscape</p><p>Artist: Auguste Renoir</p><p>Source: met 459968</p><p>Object page: <a href=""https://www.metmuseum.org/art/collection/search/459968"">https://www.metmuseum.org/art/collection/search/459968</a></p><p>License: CC0 / public domain via The Met Open Access</p>",Public Domain Art,,Art Print,"landscape, met, public domain, Auguste Renoir",TRUE,Size,A4,auguste-renoir-landscape-met-459968-a4,,,,Landscape by Auguste Renoir,draft
auguste-renoir-landscape-met-459968,,,,,,,,Size,A3,auguste-renoir-landscape-met-459968-a3,,,,,draft
auguste-renoir-landscape-met-459968,,,,,,,,Size,A2,auguste-renoir-landscape-met-459968-a2,,,,,draft
auguste-renoir-landscape-met-459968,,,,,,,,Size,A1,auguste-renoir-landscape-met-459968-a1,,,,,draft
sesson-shukei-landscape-met-45072,Sesson Shūkei - Landscape,"<p>Landscape</p><p>Artist: Sesson Shūkei</p><p>Source: met 45072</p><p>Object page: <a href=""https://www.metmuseum.org/art/collection/search/45072"">https://www.metmuseum.org/art/collection/search/45072</a></p><p>License: CC0 / public domain via The Met Open Access</p>",Public Domain Art,,Art Print,"landscape, met, public domain, Sesson Shūkei",TRUE,Size,A4,sesson-shukei-landscape-met-45072-a4,,,,Landscape by Sesson Shūkei,draft
sesson-shukei-landscape-met-45072,,,,,,,,Size,A3,sesson-shukei-landscape-met-45072-a3,,,,,draft
sesson-shukei-landscape-met-45072,,,,,,,,Size,A2,sesson-shukei-landscape-met-45072-a2,,,,,draft
sesson-shukei-landscape-met-45072,,,,,,,,Size,A1,sesson-shukei-landscape-met-45072-a1,,,,,draft
goya-francisco-de-goya-y-lucientes-landscape-met-690986,Goya (Francisco de Goya y Lucientes) - Landscape,"<p>Landscape</p><p>Artist: Goya (Francisco de Goya y Lucientes)</p><p>Source: met 690986</p><p>Object page: <a href=""https://www.metmuseum.org/art/collection/search/690986"">https://www.metmuseum.org/art/collection/search/690986</a></p><p>License: CC0 / public domain via The Met Open Access</p>",Public Domain Art,,Art Print,"landscape, met, public domain, Goya (Francisco de Goya y Lucientes)",TRUE,Size,A4,goya-francisco-de-goya-y-lucientes-landscape-met-690986-a4,,,,Landscape by Goya (Francisco de Goya y Lucientes),draft
goya-francisco-de-goya-y-lucientes-landscape-met-690986,,,,,,,,Size,A3,goya-francisco-de-goya-y-lucientes-landscape-met-690986-a3,,,,,draft
goya-francisco-de-goya-y-lucientes-landscape-met-690986,,,,,,,,Size,A2,goya-francisco-de-goya-y-lucientes-landscape-met-690986-a2,,,,,draft
goya-francisco-de-goya-y-lucientes-landscape-met-690986,,,,,,,,Size,A1,goya-francisco-de-goya-y-lucientes-landscape-met-690986-a1,,,,,draft
kushiro-unsen-landscape-met-44895,Kushiro Unsen - Landscape,"<p>Landscape</p><p>Artist: Kushiro Unsen</p><p>Source: met 44895</p><p>Object page: <a href=""https://www.metmuseum.org/art/collection/search/44895"">https://www.metmuseum.org/art/collection/search/44895</a></p><p>License: CC0 / public domain via The Met Open Access</p>",Public Domain Art,,Art Print,"landscape, met, public domain, Kushiro Unsen",TRUE,Size,A4,kushiro-unsen-landscape-met-44895-a4,,,,Landscape by Kushiro Unsen,draft
kushiro-unsen-landscape-met-44895,,,,,,,,Size,A3,kushiro-unsen-landscape-met-44895-a3,,,,,draft
kushiro-unsen-landscape-met-44895,,,,,,,,Size,A2,kushiro-unsen-landscape-met-44895-a2,,,,,draft
kushiro-unsen-landscape-met-44895,,,,,,,,Size,A1,kushiro-unsen-landscape-met-44895-a1,,,,,draft
kano-motonobu-landscape-met-45070,Kano Motonobu - Landscape,"<p>Landscape</p><p>Artist: Kano Motonobu</p><p>Source: met 45070</p><p>Object page: <a href=""https://www.metmuseum.org/art/collection/search/45070"">https://www.metmuseum.org/art/collection/search/45070</a></p><p>License: CC0 / public domain via The Met Open Access</p>",Public Domain Art,,Art Print,"landscape, met, public domain, Kano Motonobu",TRUE,Size,A4,kano-motonobu-landscape-met-45070-a4,,,,Landscape by Kano Motonobu,draft
kano-motonobu-landscape-met-45070,,,,,,,,Size,A3,kano-motonobu-landscape-met-45070-a3,,,,,draft
kano-motonobu-landscape-met-45070,,,,,,,,Size,A2,kano-motonobu-landscape-met-45070-a2,,,,,draft
kano-motonobu-landscape-met-45070,,,,,,,,Size,A1,kano-motonobu-landscape-met-45070-a1,,,,,draft
henri-joseph-harpignies-landscape-met-337306,Henri-Joseph Harpignies - Landscape,"<p>Landscape</p><p>Artist: Henri-Joseph Harpignies</p><p>Source: met 337306</p><p>Object page: <a href=""https://www.metmuseum.org/art/collection/search/337306"">https://www.metmuseum.org/art/collection/search/337306</a></p><p>License: CC0 / public domain via The Met Open Access</p>",Public Domain Art,,Art Print,"landscape, met, public domain, Henri-Joseph Harpignies",TRUE,Size,A4,henri-joseph-harpignies-landscape-met-337306-a4,,,,Landscape by Henri-Joseph Harpignies,draft
henri-joseph-harpignies-landscape-met-337306,,,,,,,,Size,A3,henri-joseph-harpignies-landscape-met-337306-a3,,,,,draft
henri-joseph-harpignies-landscape-met-337306,,,,,,,,Size,A2,henri-joseph-harpignies-landscape-met-337306-a2,,,,,draft
henri-joseph-harpignies-landscape-met-337306,,,,,,,,Size,A1,henri-joseph-harpignies-landscape-met-337306-a1,,,,,draft
john-jessop-hardwick-flower-study-met-395536,John Jessop Hardwick - Flower study,"<p>Flower study</p><p>Artist: John Jessop Hardwick</p><p>Source: met 395536</p><p>Object page: <a href=""https://www.metmuseum.org/art/collection/search/395536"">https://www.metmuseum.org/art/collection/search/395536</a></p><p>License: CC0 / public domain via The Met Open Access</p>",Public Domain Art,,Art Print,"botanical, met, public domain, John Jessop Hardwick",TRUE,Size,A4,john-jessop-hardwick-flower-study-met-395536-a4,,,,Flower study by John Jessop Hardwick,draft
john-jessop-hardwick-flower-study-met-395536,,,,,,,,Size,A3,john-jessop-hardwick-flower-study-met-395536-a3,,,,,draft
john-jessop-hardwick-flower-study-met-395536,,,,,,,,Size,A2,john-jessop-hardwick-flower-study-met-395536-a2,,,,,draft
john-jessop-hardwick-flower-study-met-395536,,,,,,,,Size,A1,john-jessop-hardwick-flower-study-met-395536-a1,,,,,draft
unknown-artist-flower-vase-met-43812,Unknown Artist - Flower vase,"<p>Flower vase</p><p>Artist: Unknown Artist</p><p>Source: met 43812</p><p>Object page: <a href=""https://www.metmuseum.org/art/collection/search/43812"">https://www.metmuseum.org/art/collection/search/43812</a></p><p>License: CC0 / public domain via The Met Open Access</p>",Public Domain Art,,Art Print,"botanical, met, public domain, Unknown Artist",TRUE,Size,A4,unknown-artist-flower-vase-met-43812-a4,,,,Flower vase by Unknown Artist,draft
unknown-artist-flower-vase-met-43812,,,,,,,,Size,A3,unknown-artist-flower-vase-met-43812-a3,,,,,draft
unknown-artist-flower-vase-met-43812,,,,,,,,Size,A2,unknown-artist-flower-vase-met-43812-a2,,,,,draft
unknown-artist-flower-vase-met-43812,,,,,,,,Size,A1,unknown-artist-flower-vase-met-43812-a1,,,,,draft
unknown-artist-flower-vase-met-43790,Unknown Artist - Flower vase,"<p>Flower vase</p><p>Artist: Unknown Artist</p><p>Source: met 43790</p><p>Object page: <a href=""https://www.metmuseum.org/art/collection/search/43790"">https://www.metmuseum.org/art/collection/search/43790</a></p><p>License: CC0 / public domain via The Met Open Access</p>",Public Domain Art,,Art Print,"botanical, met, public domain, Unknown Artist",TRUE,Size,A4,unknown-artist-flower-vase-met-43790-a4,,,,Flower vase by Unknown Artist,draft
unknown-artist-flower-vase-met-43790,,,,,,,,Size,A3,unknown-artist-flower-vase-met-43790-a3,,,,,draft
unknown-artist-flower-vase-met-43790,,,,,,,,Size,A2,unknown-artist-flower-vase-met-43790-a2,,,,,draft
unknown-artist-flower-vase-met-43790,,,,,,,,Size,A1,unknown-artist-flower-vase-met-43790-a1,,,,,draft
unknown-artist-flower-receptacle-met-43861,Unknown Artist - Flower receptacle,"<p>Flower receptacle</p><p>Artist: Unknown Artist</p><p>Source: met 43861</p><p>Object page: <a href=""https://www.metmuseum.org/art/collection/search/43861"">https://www.metmuseum.org/art/collection/search/43861</a></p><p>License: CC0 / public domain via The Met Open Access</p>",Public Domain Art,,Art Print,"botanical, met, public domain, Unknown Artist",TRUE,Size,A4,unknown-artist-flower-receptacle-met-43861-a4,,,,Flower receptacle by Unknown Artist,draft
unknown-artist-flower-receptacle-met-43861,,,,,,,,Size,A3,unknown-artist-flower-receptacle-met-43861-a3,,,,,draft
unknown-artist-flower-receptacle-met-43861,,,,,,,,Size,A2,unknown-artist-flower-receptacle-met-43861-a2,,,,,draft
unknown-artist-flower-receptacle-met-43861,,,,,,,,Size,A1,unknown-artist-flower-receptacle-met-43861-a1,,,,,draft
unknown-artist-flower-holder-met-43392,Unknown Artist - Flower holder,"<p>Flower holder</p><p>Artist: Unknown Artist</p><p>Source: met 43392</p><p>Object page: <a href=""https://www.metmuseum.org/art/collection/search/43392"">https://www.metmuseum.org/art/collection/search/43392</a></p><p>License: CC0 / public domain via The Met Open Access</p>",Public Domain Art,,Art Print,"botanical, met, public domain, Unknown Artist",TRUE,Size,A4,unknown-artist-flower-holder-met-43392-a4,,,,Flower holder by Unknown Artist,draft
unknown-artist-flower-holder-met-43392,,,,,,,,Size,A3,unknown-artist-flower-holder-met-43392-a3,,,,,draft
unknown-artist-flower-holder-met-43392,,,,,,,,Size,A2,unknown-artist-flower-holder-met-43392-a2,,,,,draft
unknown-artist-flower-holder-met-43392,,,,,,,,Size,A1,unknown-artist-flower-holder-met-43392-a1,,,,,draft
unknown-artist-flower-vase-met-43950,Unknown Artist - Flower vase,"<p>Flower vase</p><p>Artist: Unknown Artist</p><p>Source: met 43950</p><p>Object page: <a href=""https://www.metmuseum.org/art/collection/search/43950"">https://www.metmuseum.org/art/collection/search/43950</a></p><p>License: CC0 / public domain via The Met Open Access</p>",Public Domain Art,,Art Print,"botanical, met, public domain, Unknown Artist",TRUE,Size,A4,unknown-artist-flower-vase-met-43950-a4,,,,Flower vase by Unknown Artist,draft
unknown-artist-flower-vase-met-43950,,,,,,,,Size,A3,unknown-artist-flower-vase-met-43950-a3,,,,,draft
unknown-artist-flower-vase-met-43950,,,,,,,,Size,A2,unknown-artist-flower-vase-met-43950-a2,,,,,draft
unknown-artist-flower-vase-met-43950,,,,,,,,Size,A1,unknown-artist-flower-vase-met-43950-a1,,,,,draft
unknown-artist-flower-pot-met-4513,Unknown Artist - Flower Pot,"<p>Flower Pot</p><p>Artist: Unknown Artist</p><p>Source: met 4513</p><p>Object page: <a href=""https://www.metmuseum.org/art/collection/search/4513"">https://www.metmuseum.org/art/collection/search/4513</a></p><p>License: CC0 / public domain via The Met Open Access</p>",Public Domain Art,,Art Print,"botanical, met, public domain, Unknown Artist",TRUE,Size,A4,unknown-artist-flower-pot-met-4513-a4,,,,Flower Pot by Unknown Artist,draft
unknown-artist-flower-pot-met-4513,,,,,,,,Size,A3,unknown-artist-flower-pot-met-4513-a3,,,,,draft
unknown-artist-flower-pot-met-4513,,,,,,,,Size,A2,unknown-artist-flower-pot-met-4513-a2,,,,,draft
unknown-artist-flower-pot-met-4513,,,,,,,,Size,A1,unknown-artist-flower-pot-met-4513-a1,,,,,draft
unknown-artist-pot-with-plant-met-56197,Unknown Artist - Pot with Plant,"<p>Pot with Plant</p><p>Artist: Unknown Artist</p><p>Source: met 56197</p><p>Object page: <a href=""https://www.metmuseum.org/art/collection/search/56197"">https://www.metmuseum.org/art/collection/search/56197</a></p><p>License: CC0 / public domain via The Met Open Access</p>",Public Domain Art,,Art Print,"botanical, met, public domain, Unknown Artist",TRUE,Size,A4,unknown-artist-pot-with-plant-met-56197-a4,,,,Pot with Plant by Unknown Artist,draft
unknown-artist-pot-with-plant-met-56197,,,,,,,,Size,A3,unknown-artist-pot-with-plant-met-56197-a3,,,,,draft
unknown-artist-pot-with-plant-met-56197,,,,,,,,Size,A2,unknown-artist-pot-with-plant-met-56197-a2,,,,,draft
unknown-artist-pot-with-plant-met-56197,,,,,,,,Size,A1,unknown-artist-pot-with-plant-met-56197-a1,,,,,draft
unknown-daguerreotype-plate-box-met-732217,Unknown - [Daguerreotype Plate Box],"<p>[Daguerreotype Plate Box]</p><p>Artist: Unknown</p><p>Source: met 732217</p><p>Object page: <a href=""https://www.metmuseum.org/art/collection/search/732217"">https://www.metmuseum.org/art/collection/search/732217</a></p><p>License: CC0 / public domain via The Met Open Access</p>",Public Domain Art,,Art Print,"photography, met, public domain, Unknown",TRUE,Size,A4,unknown-daguerreotype-plate-box-met-732217-a4,,,,[Daguerreotype Plate Box] by Unknown,draft
unknown-daguerreotype-plate-box-met-732217,,,,,,,,Size,A3,unknown-daguerreotype-plate-box-met-732217-a3,,,,,draft
unknown-daguerreotype-plate-box-met-732217,,,,,,,,Size,A2,unknown-daguerreotype-plate-box-met-732217-a2,,,,,draft
unknown-daguerreotype-plate-box-met-732217,,,,,,,,Size,A1,unknown-daguerreotype-plate-box-met-732217-a1,,,,,draft
unknown-daguerreotype-plate-box-met-732219,Unknown - [Daguerreotype Plate Box],"<p>[Daguerreotype Plate Box]</p><p>Artist: Unknown</p><p>Source: met 732219</p><p>Object page: <a href=""https://www.metmuseum.org/art/collection/search/732219"">https://www.metmuseum.org/art/collection/search/732219</a></p><p>License: CC0 / public domain via The Met Open Access</p>",Public Domain Art,,Art Print,"photography, met, public domain, Unknown",TRUE,Size,A4,unknown-daguerreotype-plate-box-met-732219-a4,,,,[Daguerreotype Plate Box] by Unknown,draft
unknown-daguerreotype-plate-box-met-732219,,,,,,,,Size,A3,unknown-daguerreotype-plate-box-met-732219-a3,,,,,draft
unknown-daguerreotype-plate-box-met-732219,,,,,,,,Size,A2,unknown-daguerreotype-plate-box-met-732219-a2,,,,,draft
unknown-daguerreotype-plate-box-met-732219,,,,,,,,Size,A1,unknown-daguerreotype-plate-box-met-732219-a1,,,,,draft
ron-fasand-woman-with-an-accordion-daguerreotype-met-504134,Ron Fasand - Woman with an Accordion daguerreotype,"<p>Woman with an Accordion daguerreotype</p><p>Artist: Ron Fasand</p><p>Source: met 504134</p><p>Object page: <a href=""https://www.metmuseum.org/art/collection/search/504134"">https://www.metmuseum.org/art/collection/search/504134</a></p><p>License: CC0 / public domain via The Met Open Access</p>",Public Domain Art,,Art Print,"photography, met, public domain, Ron Fasand",TRUE,Size,A4,ron-fasand-woman-with-an-accordion-daguerreotype-met-504134-a4,,,,Woman with an Accordion daguerreotype by Ron Fasand,draft
ron-fasand-woman-with-an-accordion-daguerreotype-met-504134,,,,,,,,Size,A3,ron-fasand-woman-with-an-accordion-daguerreotype-met-504134-a3,,,,,draft
ron-fasand-woman-with-an-accordion-daguerreotype-met-504134,,,,,,,,Size,A2,ron-fasand-woman-with-an-accordion-daguerreotype-met-504134-a2,,,,,draft
ron-fasand-woman-with-an-accordion-daguerreotype-met-504134,,,,,,,,Size,A1,ron-fasand-woman-with-an-accordion-daguerreotype-met-504134-a1,,,,,draft
unknown-seated-young-man-resting-arm-on-table-beside-daguerreotype-case-met-291763,Unknown - [Seated Young Man Resting Arm on Table Beside Daguerreotype Case],"<p>[Seated Young Man Resting Arm on Table Beside Daguerreotype Case]</p><p>Artist: Unknown</p><p>Source: met 291763</p><p>Object page: <a href=""https://www.metmuseum.org/art/collection/search/291763"">https://www.metmuseum.org/art/collection/search/291763</a></p><p>License: CC0 / public domain via The Met Open Access</p>",Public Domain Art,,Art Print,"photography, met, public domain, Unknown",TRUE,Size,A4,unknown-seated-young-man-resting-arm-on-table-beside-daguerreotype-case-met-291763-a4,,,,[Seated Young Man Resting Arm on Table Beside Daguerreotype Case] by Unknown,draft
unknown-seated-young-man-resting-arm-on-table-beside-daguerreotype-case-met-291763,,,,,,,,Size,A3,unknown-seated-young-man-resting-arm-on-table-beside-daguerreotype-case-met-291763-a3,,,,,draft
unknown-seated-young-man-resting-arm-on-table-beside-daguerreotype-case-met-291763,,,,,,,,Size,A2,unknown-seated-young-man-resting-arm-on-table-beside-daguerreotype-case-met-291763-a2,,,,,draft
unknown-seated-young-man-resting-arm-on-table-beside-daguerreotype-case-met-291763,,,,,,,,Size,A1,unknown-seated-young-man-resting-arm-on-table-beside-daguerreotype-case-met-291763-a1,,,,,draft
unknown-young-woman-wearing-lace-gloves-holding-a-daguerreotype-case-met-291827,Unknown - [Young Woman Wearing Lace Gloves Holding a Daguerreotype Case],"<p>[Young Woman Wearing Lace Gloves Holding a Daguerreotype Case]</p><p>Artist: Unknown</p><p>Source: met 291827</p><p>Object page: <a href=""https://www.metmuseum.org/art/collection/search/291827"">https://www.metmuseum.org/art/collection/search/291827</a></p><p>License: CC0 / public domain via The Met Open Access</p>",Public Domain Art,,Art Print,"photography, met, public domain, Unknown",TRUE,Size,A4,unknown-young-woman-wearing-lace-gloves-holding-a-daguerreotype-case-met-291827-a4,,,,[Young Woman Wearing Lace Gloves Holding a Daguerreotype Case] by Unknown,draft
unknown-young-woman-wearing-lace-gloves-holding-a-daguerreotype-case-met-291827,,,,,,,,Size,A3,unknown-young-woman-wearing-lace-gloves-holding-a-daguerreotype-case-met-291827-a3,,,,,draft
unknown-young-woman-wearing-lace-gloves-holding-a-daguerreotype-case-met-291827,,,,,,,,Size,A2,unknown-young-woman-wearing-lace-gloves-holding-a-daguerreotype-case-met-291827-a2,,,,,draft
unknown-young-woman-wearing-lace-gloves-holding-a-daguerreotype-case-met-291827,,,,,,,,Size,A1,unknown-young-woman-wearing-lace-gloves-holding-a-daguerreotype-case-met-291827-a1,,,,,draft
w-f-langenheim-frederick-langenheim-met-285739,W. & F. Langenheim - Frederick Langenheim,"<p>Frederick Langenheim</p><p>Artist: W. & F. Langenheim</p><p>Source: met 285739</p><p>Object page: <a href=""https://www.metmuseum.org/art/collection/search/285739"">https://www.metmuseum.org/art/collection/search/285739</a></p><p>License: CC0 / public domain via The Met Open Access</p>",Public Domain Art,,Art Print,"photography, met, public domain, W. & F. Langenheim",TRUE,Size,A4,w-f-langenheim-frederick-langenheim-met-285739-a4,,,,Frederick Langenheim by W. & F. Langenheim,draft
w-f-langenheim-frederick-langenheim-met-285739,,,,,,,,Size,A3,w-f-langenheim-frederick-langenheim-met-285739-a3,,,,,draft
w-f-langenheim-frederick-langenheim-met-285739,,,,,,,,Size,A2,w-f-langenheim-frederick-langenheim-met-285739-a2,,,,,draft
w-f-langenheim-frederick-langenheim-met-285739,,,,,,,,Size,A1,w-f-langenheim-frederick-langenheim-met-285739-a1,,,,,draft
armand-hippolyte-louis-fizeau-rooftops-paris-met-773518,"Armand-Hippolyte-Louis Fizeau - [Rooftops, Paris]","<p>[Rooftops, Paris]</p><p>Artist: Armand-Hippolyte-Louis Fizeau</p><p>Source: met 773518</p><p>Object page: <a href=""https://www.metmuseum.org/art/collection/search/773518"">https://www.metmuseum.org/art/collection/search/773518</a></p><p>License: CC0 / public domain via The Met Open Access</p>",Public Domain Art,,Art Print,"photography, met, public domain, Armand-Hippolyte-Louis Fizeau",TRUE,Size,A4,armand-hippolyte-louis-fizeau-rooftops-paris-met-773518-a4,,,,"[Rooftops, Paris] by Armand-Hippolyte-Louis Fizeau",draft
armand-hippolyte-louis-fizeau-rooftops-paris-met-773518,,,,,,,,Size,A3,armand-hippolyte-louis-fizeau-rooftops-paris-met-773518-a3,,,,,draft
armand-hippolyte-louis-fizeau-rooftops-paris-met-773518,,,,,,,,Size,A2,armand-hippolyte-louis-fizeau-rooftops-paris-met-773518-a2,,,,,draft
armand-hippolyte-louis-fizeau-rooftops-paris-met-773518,,,,,,,,Size,A1,armand-hippolyte-louis-fizeau-rooftops-paris-met-773518-a1,,,,,draft
joseph-philibert-girault-de-prangey-young-woman-holding-a-flower-met-818215,Joseph-Philibert Girault de Prangey - [Young Woman Holding a Flower],"<p>[Young Woman Holding a Flower]</p><p>Artist: Joseph-Philibert Girault de Prangey</p><p>Source: met 818215</p><p>Object page: <a href=""https://www.metmuseum.org/art/collection/search/818215"">https://www.metmuseum.org/art/collection/search/818215</a></p><p>License: CC0 / public domain via The Met Open Access</p>",Public Domain Art,,Art Print,"photography, met, public domain, Joseph-Philibert Girault de Prangey",TRUE,Size,A4,joseph-philibert-girault-de-prangey-young-woman-holding-a-flower-met-818215-a4,,,,[Young Woman Holding a Flower] by Joseph-Philibert Girault de Prangey,draft
joseph-philibert-girault-de-prangey-young-woman-holding-a-flower-met-818215,,,,,,,,Size,A3,joseph-philibert-girault-de-prangey-young-woman-holding-a-flower-met-818215-a3,,,,,draft
joseph-philibert-girault-de-prangey-young-woman-holding-a-flower-met-818215,,,,,,,,Size,A2,joseph-philibert-girault-de-prangey-young-woman-holding-a-flower-met-818215-a2,,,,,draft
joseph-philibert-girault-de-prangey-young-woman-holding-a-flower-met-818215,,,,,,,,Size,A1,joseph-philibert-girault-de-prangey-young-woman-holding-a-flower-met-818215-a1,,,,,draft
unknown-artist-dress-met-159482,Unknown Artist - Dress,"<p>Dress</p><p>Artist: Unknown Artist</p><p>Source: met 159482</p><p>Object page: <a href=""https://www.metmuseum.org/art/collection/search/159482"">https://www.metmuseum.org/art/collection/search/159482</a></p><p>License: CC0 / public domain via The Met Open Access</p>",Public Domain Art,,Art Print,"fashion, met, public domain, Unknown Artist",TRUE,Size,A4,unknown-artist-dress-met-159482-a4,,,,Dress by Unknown Artist,draft
unknown-artist-dress-met-159482,,,,,,,,Size,A3,unknown-artist-dress-met-159482-a3,,,,,draft
unknown-artist-dress-met-159482,,,,,,,,Size,A2,unknown-artist-dress-met-159482-a2,,,,,draft
unknown-artist-dress-met-159482,,,,,,,,Size,A1,unknown-artist-dress-met-159482-a1,,,,,draft
unknown-artist-dress-met-159244,Unknown Artist - Dress,"<p>Dress</p><p>Artist: Unknown Artist</p><p>Source: met 159244</p><p>Object page: <a href=""https://www.metmuseum.org/art/collection/search/159244"">https://www.metmuseum.org/art/collection/search/159244</a></p><p>License: CC0 / public domain via The Met Open Access</p>",Public Domain Art,,Art Print,"fashion, met, public domain, Unknown Artist",TRUE,Size,A4,unknown-artist-dress-met-159244-a4,,,,Dress by Unknown Artist,draft
unknown-artist-dress-met-159244,,,,,,,,Size,A3,unknown-artist-dress-met-159244-a3,,,,,draft
unknown-artist-dress-met-159244,,,,,,,,Size,A2,unknown-artist-dress-met-159244-a2,,,,,draft
unknown-artist-dress-met-159244,,,,,,,,Size,A1,unknown-artist-dress-met-159244-a1,,,,,draft
unknown-artist-dress-met-156133,Unknown Artist - Dress,"<p>Dress</p><p>Artist: Unknown Artist</p><p>Source: met 156133</p><p>Object page: <a href=""https://www.metmuseum.org/art/collection/search/156133"">https://www.metmuseum.org/art/collection/search/156133</a></p><p>License: CC0 / public domain via The Met Open Access</p>",Public Domain Art,,Art Print,"fashion, met, public domain, Unknown Artist",TRUE,Size,A4,unknown-artist-dress-met-156133-a4,,,,Dress by Unknown Artist,draft
unknown-artist-dress-met-156133,,,,,,,,Size,A3,unknown-artist-dress-met-156133-a3,,,,,draft
unknown-artist-dress-met-156133,,,,,,,,Size,A2,unknown-artist-dress-met-156133-a2,,,,,draft
unknown-artist-dress-met-156133,,,,,,,,Size,A1,unknown-artist-dress-met-156133-a1,,,,,draft
unknown-artist-dress-met-159216,Unknown Artist - Dress,"<p>Dress</p><p>Artist: Unknown Artist</p><p>Source: met 159216</p><p>Object page: <a href=""https://www.metmuseum.org/art/collection/search/159216"">https://www.metmuseum.org/art/collection/search/159216</a></p><p>License: CC0 / public domain via The Met Open Access</p>",Public Domain Art,,Art Print,"fashion, met, public domain, Unknown Artist",TRUE,Size,A4,unknown-artist-dress-met-159216-a4,,,,Dress by Unknown Artist,draft
unknown-artist-dress-met-159216,,,,,,,,Size,A3,unknown-artist-dress-met-159216-a3,,,,,draft
unknown-artist-dress-met-159216,,,,,,,,Size,A2,unknown-artist-dress-met-159216-a2,,,,,draft
unknown-artist-dress-met-159216,,,,,,,,Size,A1,unknown-artist-dress-met-159216-a1,,,,,draft
unknown-artist-dress-met-159199,Unknown Artist - Dress,"<p>Dress</p><p>Artist: Unknown Artist</p><p>Source: met 159199</p><p>Object page: <a href=""https://www.metmuseum.org/art/collection/search/159199"">https://www.metmuseum.org/art/collection/search/159199</a></p><p>License: CC0 / public domain via The Met Open Access</p>",Public Domain Art,,Art Print,"fashion, met, public domain, Unknown Artist",TRUE,Size,A4,unknown-artist-dress-met-159199-a4,,,,Dress by Unknown Artist,draft
unknown-artist-dress-met-159199,,,,,,,,Size,A3,unknown-artist-dress-met-159199-a3,,,,,draft
unknown-artist-dress-met-159199,,,,,,,,Size,A2,unknown-artist-dress-met-159199-a2,,,,,draft
unknown-artist-dress-met-159199,,,,,,,,Size,A1,unknown-artist-dress-met-159199-a1,,,,,draft
unknown-artist-dress-met-80769,Unknown Artist - Dress,"<p>Dress</p><p>Artist: Unknown Artist</p><p>Source: met 80769</p><p>Object page: <a href=""https://www.metmuseum.org/art/collection/search/80769"">https://www.metmuseum.org/art/collection/search/80769</a></p><p>License: CC0 / public domain via The Met Open Access</p>",Public Domain Art,,Art Print,"fashion, met, public domain, Unknown Artist",TRUE,Size,A4,unknown-artist-dress-met-80769-a4,,,,Dress by Unknown Artist,draft
unknown-artist-dress-met-80769,,,,,,,,Size,A3,unknown-artist-dress-met-80769-a3,,,,,draft
unknown-artist-dress-met-80769,,,,,,,,Size,A2,unknown-artist-dress-met-80769-a2,,,,,draft
unknown-artist-dress-met-80769,,,,,,,,Size,A1,unknown-artist-dress-met-80769-a1,,,,,draft
unknown-artist-dress-met-159509,Unknown Artist - Dress,"<p>Dress</p><p>Artist: Unknown Artist</p><p>Source: met 159509</p><p>Object page: <a href=""https://www.metmuseum.org/art/collection/search/159509"">https://www.metmuseum.org/art/collection/search/159509</a></p><p>License: CC0 / public domain via The Met Open Access</p>",Public Domain Art,,Art Print,"fashion, met, public domain, Unknown Artist",TRUE,Size,A4,unknown-artist-dress-met-159509-a4,,,,Dress by Unknown Artist,draft
unknown-artist-dress-met-159509,,,,,,,,Size,A3,unknown-artist-dress-met-159509-a3,,,,,draft
unknown-artist-dress-met-159509,,,,,,,,Size,A2,unknown-artist-dress-met-159509-a2,,,,,draft
unknown-artist-dress-met-159509,,,,,,,,Size,A1,unknown-artist-dress-met-159509-a1,,,,,draft
l-p-hollander-co-dress-met-82633,L.P. Hollander & Co. - Dress,"<p>Dress</p><p>Artist: L.P. Hollander & Co.</p><p>Source: met 82633</p><p>Object page: <a href=""https://www.metmuseum.org/art/collection/search/82633"">https://www.metmuseum.org/art/collection/search/82633</a></p><p>License: CC0 / public domain via The Met Open Access</p>",Public Domain Art,,Art Print,"fashion, met, public domain, L.P. Hollander & Co.",TRUE,Size,A4,l-p-hollander-co-dress-met-82633-a4,,,,Dress by L.P. Hollander & Co.,draft
l-p-hollander-co-dress-met-82633,,,,,,,,Size,A3,l-p-hollander-co-dress-met-82633-a3,,,,,draft
l-p-hollander-co-dress-met-82633,,,,,,,,Size,A2,l-p-hollander-co-dress-met-82633-a2,,,,,draft
l-p-hollander-co-dress-met-82633,,,,,,,,Size,A1,l-p-hollander-co-dress-met-82633-a1,,,,,draft
unknown-artist-dress-met-158248,Unknown Artist - Dress,"<p>Dress</p><p>Artist: Unknown Artist</p><p>Source: met 158248</p><p>Object page: <a href=""https://www.metmuseum.org/art/collection/search/158248"">https://www.metmuseum.org/art/collection/search/158248</a></p><p>License: CC0 / public domain via The Met Open Access</p>",Public Domain Art,,Art Print,"fashion, met, public domain, Unknown Artist",TRUE,Size,A4,unknown-artist-dress-met-158248-a4,,,,Dress by Unknown Artist,draft
unknown-artist-dress-met-158248,,,,,,,,Size,A3,unknown-artist-dress-met-158248-a3,,,,,draft
unknown-artist-dress-met-158248,,,,,,,,Size,A2,unknown-artist-dress-met-158248-a2,,,,,draft
unknown-artist-dress-met-158248,,,,,,,,Size,A1,unknown-artist-dress-met-158248-a1,,,,,draft
unknown-artist-abstract-stone-figure-met-317703,Unknown Artist - Abstract Stone Figure,"<p>Abstract Stone Figure</p><p>Artist: Unknown Artist</p><p>Source: met 317703</p><p>Object page: <a href=""https://www.metmuseum.org/art/collection/search/317703"">https://www.metmuseum.org/art/collection/search/317703</a></p><p>License: CC0 / public domain via The Met Open Access</p>",Public Domain Art,,Art Print,"abstract, met, public domain, Unknown Artist",TRUE,Size,A4,unknown-artist-abstract-stone-figure-met-317703-a4,,,,Abstract Stone Figure by Unknown Artist,draft
unknown-artist-abstract-stone-figure-met-317703,,,,,,,,Size,A3,unknown-artist-abstract-stone-figure-met-317703-a3,,,,,draft
unknown-artist-abstract-stone-figure-met-317703,,,,,,,,Size,A2,unknown-artist-abstract-stone-figure-met-317703-a2,,,,,draft
unknown-artist-abstract-stone-figure-met-317703,,,,,,,,Size,A1,unknown-artist-abstract-stone-figure-met-317703-a1,,,,,draft
unknown-artist-abstract-stone-figure-met-317704,Unknown Artist - Abstract Stone Figure,"<p>Abstract Stone Figure</p><p>Artist: Unknown Artist</p><p>Source: met 317704</p><p>Object page: <a href=""https://www.metmuseum.org/art/collection/search/317704"">https://www.metmuseum.org/art/collection/search/317704</a></p><p>License: CC0 / public domain via The Met Open Access</p>",Public Domain Art,,Art Print,"abstract, met, public domain, Unknown Artist",TRUE,Size,A4,unknown-artist-abstract-stone-figure-met-317704-a4,,,,Abstract Stone Figure by Unknown Artist,draft
unknown-artist-abstract-stone-figure-met-317704,,,,,,,,Size,A3,unknown-artist-abstract-stone-figure-met-317704-a3,,,,,draft
unknown-artist-abstract-stone-figure-met-317704,,,,,,,,Size,A2,unknown-artist-abstract-stone-figure-met-317704-a2,,,,,draft
unknown-artist-abstract-stone-figure-met-317704,,,,,,,,Size,A1,unknown-artist-abstract-stone-figure-met-317704-a1,,,,,draft
unknown-artist-bowl-with-abstract-birds-met-833905,Unknown Artist - Bowl with Abstract Birds,"<p>Bowl with Abstract Birds</p><p>Artist: Unknown Artist</p><p>Source: met 833905</p><p>Object page: <a href=""https://www.metmuseum.org/art/collection/search/833905"">https://www.metmuseum.org/art/collection/search/833905</a></p><p>License: CC0 / public domain via The Met Open Access</p>",Public Domain Art,,Art Print,"abstract, met, public domain, Unknown Artist",TRUE,Size,A4,unknown-artist-bowl-with-abstract-birds-met-833905-a4,,,,Bowl with Abstract Birds by Unknown Artist,draft
unknown-artist-bowl-with-abstract-birds-met-833905,,,,,,,,Size,A3,unknown-artist-bowl-with-abstract-birds-met-833905-a3,,,,,draft
unknown-artist-bowl-with-abstract-birds-met-833905,,,,,,,,Size,A2,unknown-artist-bowl-with-abstract-birds-met-833905-a2,,,,,draft
unknown-artist-bowl-with-abstract-birds-met-833905,,,,,,,,Size,A1,unknown-artist-bowl-with-abstract-birds-met-833905-a1,,,,,draft
anonymous-sheet-with-overall-abstract-pattern-met-824219,Anonymous - Sheet with overall abstract pattern,"<p>Sheet with overall abstract pattern</p><p>Artist: Anonymous</p><p>Source: met 824219</p><p>Object page: <a href=""https://www.metmuseum.org/art/collection/search/824219"">https://www.metmuseum.org/art/collection/search/824219</a></p><p>License: CC0 / public domain via The Met Open Access</p>",Public Domain Art,,Art Print,"abstract, met, public domain, Anonymous",TRUE,Size,A4,anonymous-sheet-with-overall-abstract-pattern-met-824219-a4,,,,Sheet with overall abstract pattern by Anonymous,draft
anonymous-sheet-with-overall-abstract-pattern-met-824219,,,,,,,,Size,A3,anonymous-sheet-with-overall-abstract-pattern-met-824219-a3,,,,,draft
anonymous-sheet-with-overall-abstract-pattern-met-824219,,,,,,,,Size,A2,anonymous-sheet-with-overall-abstract-pattern-met-824219-a2,,,,,draft
anonymous-sheet-with-overall-abstract-pattern-met-824219,,,,,,,,Size,A1,anonymous-sheet-with-overall-abstract-pattern-met-824219-a1,,,,,draft
anonymous-sheet-with-overall-abstract-pattern-met-824220,Anonymous - Sheet with overall abstract pattern,"<p>Sheet with overall abstract pattern</p><p>Artist: Anonymous</p><p>Source: met 824220</p><p>Object page: <a href=""https://www.metmuseum.org/art/collection/search/824220"">https://www.metmuseum.org/art/collection/search/824220</a></p><p>License: CC0 / public domain via The Met Open Access</p>",Public Domain Art,,Art Print,"abstract, met, public domain, Anonymous",TRUE,Size,A4,anonymous-sheet-with-overall-abstract-pattern-met-824220-a4,,,,Sheet with overall abstract pattern by Anonymous,draft
anonymous-sheet-with-overall-abstract-pattern-met-824220,,,,,,,,Size,A3,anonymous-sheet-with-overall-abstract-pattern-met-824220-a3,,,,,draft
anonymous-sheet-with-overall-abstract-pattern-met-824220,,,,,,,,Size,A2,anonymous-sheet-with-overall-abstract-pattern-met-824220-a2,,,,,draft
anonymous-sheet-with-overall-abstract-pattern-met-824220,,,,,,,,Size,A1,anonymous-sheet-with-overall-abstract-pattern-met-824220-a1,,,,,draft
anonymous-sheet-with-red-abstract-pattern-met-824642,Anonymous - Sheet with red abstract pattern,"<p>Sheet with red abstract pattern</p><p>Artist: Anonymous</p><p>Source: met 824642</p><p>Object page: <a href=""https://www.metmuseum.org/art/collection/search/824642"">https://www.metmuseum.org/art/collection/search/824642</a></p><p>License: CC0 / public domain via The Met Open Access</p>",Public Domain Art,,Art Print,"abstract, met, public domain, Anonymous",TRUE,Size,A4,anonymous-sheet-with-red-abstract-pattern-met-824642-a4,,,,Sheet with red abstract pattern by Anonymous,draft
anonymous-sheet-with-red-abstract-pattern-met-824642,,,,,,,,Size,A3,anonymous-sheet-with-red-abstract-pattern-met-824642-a3,,,,,draft
anonymous-sheet-with-red-abstract-pattern-met-824642,,,,,,,,Size,A2,anonymous-sheet-with-red-abstract-pattern-met-824642-a2,,,,,draft
anonymous-sheet-with-red-abstract-pattern-met-824642,,,,,,,,Size,A1,anonymous-sheet-with-red-abstract-pattern-met-824642-a1,,,,,draft
anonymous-sheet-with-overall-abstract-pattern-met-823737,Anonymous - Sheet with overall abstract pattern,"<p>Sheet with overall abstract pattern</p><p>Artist: Anonymous</p><p>Source: met 823737</p><p>Object page: <a href=""https://www.metmuseum.org/art/collection/search/823737"">https://www.metmuseum.org/art/collection/search/823737</a></p><p>License: CC0 / public domain via The Met Open Access</p>",Public Domain Art,,Art Print,"abstract, met, public domain, Anonymous",TRUE,Size,A4,anonymous-sheet-with-overall-abstract-pattern-met-823737-a4,,,,Sheet with overall abstract pattern by Anonymous,draft
anonymous-sheet-with-overall-abstract-pattern-met-823737,,,,,,,,Size,A3,anonymous-sheet-with-overall-abstract-pattern-met-823737-a3,,,,,draft
anonymous-sheet-with-overall-abstract-pattern-met-823737,,,,,,,,Size,A2,anonymous-sheet-with-overall-abstract-pattern-met-823737-a2,,,,,draft
anonymous-sheet-with-overall-abstract-pattern-met-823737,,,,,,,,Size,A1,anonymous-sheet-with-overall-abstract-pattern-met-823737-a1,,,,,draft
anonymous-sheet-with-overall-abstract-pattern-met-823738,Anonymous - Sheet with overall abstract pattern,"<p>Sheet with overall abstract pattern</p><p>Artist: Anonymous</p><p>Source: met 823738</p><p>Object page: <a href=""https://www.metmuseum.org/art/collection/search/823738"">https://www.metmuseum.org/art/collection/search/823738</a></p><p>License: CC0 / public domain via The Met Open Access</p>",Public Domain Art,,Art Print,"abstract, met, public domain, Anonymous",TRUE,Size,A4,anonymous-sheet-with-overall-abstract-pattern-met-823738-a4,,,,Sheet with overall abstract pattern by Anonymous,draft
anonymous-sheet-with-overall-abstract-pattern-met-823738,,,,,,,,Size,A3,anonymous-sheet-with-overall-abstract-pattern-met-823738-a3,,,,,draft
anonymous-sheet-with-overall-abstract-pattern-met-823738,,,,,,,,Size,A2,anonymous-sheet-with-overall-abstract-pattern-met-823738-a2,,,,,draft
anonymous-sheet-with-overall-abstract-pattern-met-823738,,,,,,,,Size,A1,anonymous-sheet-with-overall-abstract-pattern-met-823738-a1,,,,,draft
abdul-cigarettes-australia-from-the-races-of-mankind-series-t181-issued-by-abdul-cigarettes-met-631427,"Abdul Cigarettes - Australia, from the Races of Mankind series (T181) issued by Abdul Cigarettes","<p>Australia, from the Races of Mankind series (T181) issued by Abdul Cigarettes</p><p>Artist: Abdul Cigarettes</p><p>Source: met 631427</p><p>Object page: <a href=""https://www.metmuseum.org/art/collection/search/631427"">https://www.metmuseum.org/art/collection/search/631427</a></p><p>License: CC0 / public domain via The Met Open Access</p>",Public Domain Art,,Art Print,"australiana, met, public domain, Abdul Cigarettes",TRUE,Size,A4,abdul-cigarettes-australia-from-the-races-of-mankind-series-t181-issued-by-abdul-cigarettes-met-631427-a4,,,,"Australia, from the Races of Mankind series (T181) issued by Abdul Cigarettes by Abdul Cigarettes",draft
abdul-cigarettes-australia-from-the-races-of-mankind-series-t181-issued-by-abdul-cigarettes-met-631427,,,,,,,,Size,A3,abdul-cigarettes-australia-from-the-races-of-mankind-series-t181-issued-by-abdul-cigarettes-met-631427-a3,,,,,draft
abdul-cigarettes-australia-from-the-races-of-mankind-series-t181-issued-by-abdul-cigarettes-met-631427,,,,,,,,Size,A2,abdul-cigarettes-australia-from-the-races-of-mankind-series-t181-issued-by-abdul-cigarettes-met-631427-a2,,,,,draft
abdul-cigarettes-australia-from-the-races-of-mankind-series-t181-issued-by-abdul-cigarettes-met-631427,,,,,,,,Size,A1,abdul-cigarettes-australia-from-the-races-of-mankind-series-t181-issued-by-abdul-cigarettes-met-631427-a1,,,,,draft
allen-ginter-australia-from-the-types-of-all-nations-series-n24-for-allen-ginter-cigarettes-met-409748,"Allen & Ginter - Australia, from the Types of All Nations series (N24) for Allen & Ginter Cigarettes","<p>Australia, from the Types of All Nations series (N24) for Allen & Ginter Cigarettes</p><p>Artist: Allen & Ginter</p><p>Source: met 409748</p><p>Object page: <a href=""https://www.metmuseum.org/art/collection/search/409748"">https://www.metmuseum.org/art/collection/search/409748</a></p><p>License: CC0 / public domain via The Met Open Access</p>",Public Domain Art,,Art Print,"australiana, met, public domain, Allen & Ginter",TRUE,Size,A4,allen-ginter-australia-from-the-types-of-all-nations-series-n24-for-allen-ginter-cigarettes-met-409748-a4,,,,"Australia, from the Types of All Nations series (N24) for Allen & Ginter Cigarettes by Allen & Ginter",draft
allen-ginter-australia-from-the-types-of-all-nations-series-n24-for-allen-ginter-cigarettes-met-409748,,,,,,,,Size,A3,allen-ginter-australia-from-the-types-of-all-nations-series-n24-for-allen-ginter-cigarettes-met-409748-a3,,,,,draft
allen-ginter-australia-from-the-types-of-all-nations-series-n24-for-allen-ginter-cigarettes-met-409748,,,,,,,,Size,A2,allen-ginter-australia-from-the-types-of-all-nations-series-n24-for-allen-ginter-cigarettes-met-409748-a2,,,,,draft
allen-ginter-australia-from-the-types-of-all-nations-series-n24-for-allen-ginter-cigarettes-met-409748,,,,,,,,Size,A1,allen-ginter-australia-from-the-types-of-all-nations-series-n24-for-allen-ginter-cigarettes-met-409748-a1,,,,,draft
allen-ginter-australia-indian-from-the-natives-in-costume-series-n16-for-allen-ginter-cigarettes-brands-met-408380,"Allen & Ginter - Australia (Indian), from the Natives in Costume series (N16) for Allen & Ginter Cigarettes Brands","<p>Australia (Indian), from the Natives in Costume series (N16) for Allen & Ginter Cigarettes Brands</p><p>Artist: Allen & Ginter</p><p>Source: met 408380</p><p>Object page: <a href=""https://www.metmuseum.org/art/collection/search/408380"">https://www.metmuseum.org/art/collection/search/408380</a></p><p>License: CC0 / public domain via The Met Open Access</p>",Public Domain Art,,Art Print,"australiana, met, public domain, Allen & Ginter",TRUE,Size,A4,allen-ginter-australia-indian-from-the-natives-in-costume-series-n16-for-allen-ginter-cigarettes-brands-met-408380-a4,,,,"Australia (Indian), from the Natives in Costume series (N16) for Allen & Ginter Cigarettes Brands by Allen & Ginter",draft
allen-ginter-australia-indian-from-the-natives-in-costume-series-n16-for-allen-ginter-cigarettes-brands-met-408380,,,,,,,,Size,A3,allen-ginter-australia-indian-from-the-natives-in-costume-series-n16-for-allen-ginter-cigarettes-brands-met-408380-a3,,,,,draft
allen-ginter-australia-indian-from-the-natives-in-costume-series-n16-for-allen-ginter-cigarettes-brands-met-408380,,,,,,,,Size,A2,allen-ginter-australia-indian-from-the-natives-in-costume-series-n16-for-allen-ginter-cigarettes-brands-met-408380-a2,,,,,draft
allen-ginter-australia-indian-from-the-natives-in-costume-series-n16-for-allen-ginter-cigarettes-brands-met-408380,,,,,,,,Size,A1,allen-ginter-australia-indian-from-the-natives-in-costume-series-n16-for-allen-ginter-cigarettes-brands-met-408380-a1,,,,,draft
allen-ginter-south-australia-from-flags-of-all-nations-series-2-n10-for-allen-ginter-cigarettes-brands-met-407420,"Allen & Ginter - South Australia, from Flags of All Nations, Series 2 (N10) for Allen & Ginter Cigarettes Brands","<p>South Australia, from Flags of All Nations, Series 2 (N10) for Allen & Ginter Cigarettes Brands</p><p>Artist: Allen & Ginter</p><p>Source: met 407420</p><p>Object page: <a href=""https://www.metmuseum.org/art/collection/search/407420"">https://www.metmuseum.org/art/collection/search/407420</a></p><p>License: CC0 / public domain via The Met Open Access</p>",Public Domain Art,,Art Print,"australiana, met, public domain, Allen & Ginter",TRUE,Size,A4,allen-ginter-south-australia-from-flags-of-all-nations-series-2-n10-for-allen-ginter-cigarettes-brands-met-407420-a4,,,,"South Australia, from Flags of All Nations, Series 2 (N10) for Allen & Ginter Cigarettes Brands by Allen & Ginter",draft
allen-ginter-south-australia-from-flags-of-all-nations-series-2-n10-for-allen-ginter-cigarettes-brands-met-407420,,,,,,,,Size,A3,allen-ginter-south-australia-from-flags-of-all-nations-series-2-n10-for-allen-ginter-cigarettes-brands-met-407420-a3,,,,,draft
allen-ginter-south-australia-from-flags-of-all-nations-series-2-n10-for-allen-ginter-cigarettes-brands-met-407420,,,,,,,,Size,A2,allen-ginter-south-australia-from-flags-of-all-nations-series-2-n10-for-allen-ginter-cigarettes-brands-met-407420-a2,,,,,draft
allen-ginter-south-australia-from-flags-of-all-nations-series-2-n10-for-allen-ginter-cigarettes-brands-met-407420,,,,,,,,Size,A1,allen-ginter-south-australia-from-flags-of-all-nations-series-2-n10-for-allen-ginter-cigarettes-brands-met-407420-a1,,,,,draft
allen-ginter-west-australia-from-flags-of-all-nations-series-2-n10-for-allen-ginter-cigarettes-brands-met-407428,"Allen & Ginter - West Australia, from Flags of All Nations, Series 2 (N10) for Allen & Ginter Cigarettes Brands","<p>West Australia, from Flags of All Nations, Series 2 (N10) for Allen & Ginter Cigarettes Brands</p><p>Artist: Allen & Ginter</p><p>Source: met 407428</p><p>Object page: <a href=""https://www.metmuseum.org/art/collection/search/407428"">https://www.metmuseum.org/art/collection/search/407428</a></p><p>License: CC0 / public domain via The Met Open Access</p>",Public Domain Art,,Art Print,"australiana, met, public domain, Allen & Ginter",TRUE,Size,A4,allen-ginter-west-australia-from-flags-of-all-nations-series-2-n10-for-allen-ginter-cigarettes-brands-met-407428-a4,,,,"West Australia, from Flags of All Nations, Series 2 (N10) for Allen & Ginter Cigarettes Brands by Allen & Ginter",draft
allen-ginter-west-australia-from-flags-of-all-nations-series-2-n10-for-allen-ginter-cigarettes-brands-met-407428,,,,,,,,Size,A3,allen-ginter-west-australia-from-flags-of-all-nations-series-2-n10-for-allen-ginter-cigarettes-brands-met-407428-a3,,,,,draft
allen-ginter-west-australia-from-flags-of-all-nations-series-2-n10-for-allen-ginter-cigarettes-brands-met-407428,,,,,,,,Size,A2,allen-ginter-west-australia-from-flags-of-all-nations-series-2-n10-for-allen-ginter-cigarettes-brands-met-407428-a2,,,,,draft
allen-ginter-west-australia-from-flags-of-all-nations-series-2-n10-for-allen-ginter-cigarettes-brands-met-407428,,,,,,,,Size,A1,allen-ginter-west-australia-from-flags-of-all-nations-series-2-n10-for-allen-ginter-cigarettes-brands-met-407428-a1,,,,,draft
allen-ginter-australia-indian-from-the-natives-in-costume-series-n16-teofani-issue-for-allen-ginter-cigarettes-brands-met-408439,"Allen & Ginter - Australia (Indian), from the Natives in Costume series (N16), Teofani Issue, for Allen & Ginter Cigarettes Brands","<p>Australia (Indian), from the Natives in Costume series (N16), Teofani Issue, for Allen & Ginter Cigarettes Brands</p><p>Artist: Allen & Ginter</p><p>Source: met 408439</p><p>Object page: <a href=""https://www.metmuseum.org/art/collection/search/408439"">https://www.metmuseum.org/art/collection/search/408439</a></p><p>License: CC0 / public domain via The Met Open Access</p>",Public Domain Art,,Art Print,"australiana, met, public domain, Allen & Ginter",TRUE,Size,A4,allen-ginter-australia-indian-from-the-natives-in-costume-series-n16-teofani-issue-for-allen-ginter-cigarettes-brands-met-408439-a4,,,,"Australia (Indian), from the Natives in Costume series (N16), Teofani Issue, for Allen & Ginter Cigarettes Brands by Allen & Ginter",draft
allen-ginter-australia-indian-from-the-natives-in-costume-series-n16-teofani-issue-for-allen-ginter-cigarettes-brands-met-408439,,,,,,,,Size,A3,allen-ginter-australia-indian-from-the-natives-in-costume-series-n16-teofani-issue-for-allen-ginter-cigarettes-brands-met-408439-a3,,,,,draft
allen-ginter-australia-indian-from-the-natives-in-costume-series-n16-teofani-issue-for-allen-ginter-cigarettes-brands-met-408439,,,,,,,,Size,A2,allen-ginter-australia-indian-from-the-natives-in-costume-series-n16-teofani-issue-for-allen-ginter-cigarettes-brands-met-408439-a2,,,,,draft
allen-ginter-australia-indian-from-the-natives-in-costume-series-n16-teofani-issue-for-allen-ginter-cigarettes-brands-met-408439,,,,,,,,Size,A1,allen-ginter-australia-indian-from-the-natives-in-costume-series-n16-teofani-issue-for-allen-ginter-cigarettes-brands-met-408439-a1,,,,,draft
charles-parsons-clipper-ship-red-jacket-in-the-ice-off-cape-horn-on-her-passage-from-australia-to-liverpool-august-1854-met-371973,"Charles Parsons - Clipper Ship ""Red Jacket"" – In the Ice off Cape Horn, on Her Passage from Australia, to Liverpool, August 1854","<p>Clipper Ship ""Red Jacket"" – In the Ice off Cape Horn, on Her Passage from Australia, to Liverpool, August 1854</p><p>Artist: Charles Parsons</p><p>Source: met 371973</p><p>Object page: <a href=""https://www.metmuseum.org/art/collection/search/371973"">https://www.metmuseum.org/art/collection/search/371973</a></p><p>License: CC0 / public domain via The Met Open Access</p>",Public Domain Art,,Art Print,"australiana, met, public domain, Charles Parsons",TRUE,Size,A4,charles-parsons-clipper-ship-red-jacket-in-the-ice-off-cape-horn-on-her-passage-from-australia-to-liverpool-august-1854-met-371973-a4,,,,"Clipper Ship ""Red Jacket"" – In the Ice off Cape Horn, on Her Passage from Australia, to Liverpool, August 1854 by Charles Parsons",draft
charles-parsons-clipper-ship-red-jacket-in-the-ice-off-cape-horn-on-her-passage-from-australia-to-liverpool-august-1854-met-371973,,,,,,,,Size,A3,charles-parsons-clipper-ship-red-jacket-in-the-ice-off-cape-horn-on-her-passage-from-australia-to-liverpool-august-1854-met-371973-a3,,,,,draft
charles-parsons-clipper-ship-red-jacket-in-the-ice-off-cape-horn-on-her-passage-from-australia-to-liverpool-august-1854-met-371973,,,,,,,,Size,A2,charles-parsons-clipper-ship-red-jacket-in-the-ice-off-cape-horn-on-her-passage-from-australia-to-liverpool-august-1854-met-371973-a2,,,,,draft
charles-parsons-clipper-ship-red-jacket-in-the-ice-off-cape-horn-on-her-passage-from-australia-to-liverpool-august-1854-met-371973,,,,,,,,Size,A1,charles-parsons-clipper-ship-red-jacket-in-the-ice-off-cape-horn-on-her-passage-from-australia-to-liverpool-august-1854-met-371973-a1,,,,,draft
alfred-benjamin-wyon-sydney-international-exhibition-medal-met-230942,Alfred Benjamin Wyon - Sydney International Exhibition Medal,"<p>Sydney International Exhibition Medal</p><p>Artist: Alfred Benjamin Wyon</p><p>Source: met 230942</p><p>Object page: <a href=""https://www.metmuseum.org/art/collection/search/230942"">https://www.metmuseum.org/art/collection/search/230942</a></p><p>License: CC0 / public domain via The Met Open Access</p>",Public Domain Art,,Art Print,"australiana, met, public domain, Alfred Benjamin Wyon",TRUE,Size,A4,alfred-benjamin-wyon-sydney-international-exhibition-medal-met-230942-a4,,,,Sydney International Exhibition Medal by Alfred Benjamin Wyon,draft
alfred-benjamin-wyon-sydney-international-exhibition-medal-met-230942,,,,,,,,Size,A3,alfred-benjamin-wyon-sydney-international-exhibition-medal-met-230942-a3,,,,,draft
alfred-benjamin-wyon-sydney-international-exhibition-medal-met-230942,,,,,,,,Size,A2,alfred-benjamin-wyon-sydney-international-exhibition-medal-met-230942-a2,,,,,draft
alfred-benjamin-wyon-sydney-international-exhibition-medal-met-230942,,,,,,,,Size,A1,alfred-benjamin-wyon-sydney-international-exhibition-medal-met-230942-a1,,,,,draft
